[{"model": "myapp.patient", "pk": 1, "fields": {"name": "sebi maloof", "age": 20, "phone": "3454632154", "address": "kerala", "prescription": "ok", "image": "patients/AEQJu-team-banner-1760796961.png"}}, {"model": "myapp.patient", "pk": 2, "fields": {"name": "nishaj", "age": 20, "phone": "3454632154", "address": "k", "prescription": "non", "image": "patients/heematologyA.png"}}, {"model": "myapp.patient", "pk": 3, "fields": {"name": "kaif robo", "age": 23, "phone": "3454632154", "address": "k", "prescription": "nn", "image": "patients/gptent.png"}}, {"model": "myapp.patient", "pk": 4, "fields": {"name": "yasin", "age": 21, "phone": "9995248555", "address": "jknnkk", "prescription": "jjj", "image": "patients/osteoporosis.png"}}, {"model": "myapp.patient", "pk": 5, "fields": {"name": "basim", "age": 24, "phone": "5515554123", "address": "ayanikode", "prescription": "non", "image": "patients/heart.png"}}, {"model": "myapp.patient", "pk": 6, "fields": {"name": "nikil", "age": 20, "phone": "3454632154", "address": "kerala", "prescription": "ok", "image": "patients/osteoporosis_535vfPC.png"}}, {"model": "myapp.patient", "pk": 7, "fields": {"name": "shafin", "age": 20, "phone": "3454632154", "address": "kerala", "prescription": "none", "image": ""}}, {"model": "myapp.patient", "pk": 8, "fields": {"name": "nouh", "age": 23, "phone": "45123641452", "address": "malappuram", "prescription": "non", "image": "patients/ENTb.png"}}, {"model": "myapp.profileicon", "pk": 2, "fields": {"image": "profile/Hmca_KPyfDHT.png"}}, {"model": "myapp.slider", "pk": 1, "fields": {"title": "Cardiology", "description": "Cardiology is the branch of medicine that deals with the heart and blood vessels", "image": "slider/cardiology_P2sLlry.png"}}, {"model": "myapp.slider", "pk": 2, "fields": {"title": "Dermatologist", "description": "A Dermatologist is a doctor who treats skin, hair, and nail problems", "image": "slider/dermatologist_jXDwdpx.png"}}, {"model": "myapp.slider", "pk": 3, "fields": {"title": "ENT", "description": "An ENT specialist treats problems related to the ear, nose, and throat", "image": "slider/ear-nose-throat-examining-ent-doctor-child-patient-endoscope-female-specialist-106175121.webp"}}, {"model": "myapp.slider", "pk": 4, "fields": {"title": "Haematology", "description": "Haematology is the branch of medicine that deals with blood and blood disorders", "image": "slider/haematology_OAg59lh.png"}}, {"model": "myapp.slider", "pk": 5, "fields": {"title": "Orthopedic", "description": "An Orthopedic specialist treats problems related to bones, joints, and muscles", "image": "slider/orthopedic_JPnFTB6.png"}}, {"model": "myapp.slider", "pk": 6, "fields": {"title": "Psychiatrist", "description": "A Psychiatrist is a doctor who treats mental and emotional health conditions", "image": "slider/psychiatristA_5x4KUj3.png"}}, {"model": "myapp.slider", "pk": 7, "fields": {"title": "Neurologist", "description": "A Neurologist is a doctor who treats disorders of the brain and nervous system", "image": "slider/Neurologist_gPDe9u9.png"}}, {"model": "myapp.doctor", "pk": 4, "fields": {"name": "john", "department": 1, "specialization": "ear", "mobile": null, "degree": null, "experience": 1, "image": "doctors/gptent_Of0jrzA.png", "qualification": "MBBS MD", "available_from": "09:00:00", "available_to": "17:00:00"}}, {"model": "myapp.doctor", "pk": 6, "fields": {"name": "muhsin", "department": 2, "specialization": "Heart", "mobile": null, "degree": null, "experience": 2, "image": "doctors/ENTb_TPhnrDN.png", "qualification": "MBBS MD", "available_from": "09:00:00", "available_to": "17:00:00"}}, {"model": "myapp.doctor", "pk": 8, "fields": {"name": "fasil", "department": 3, "specialization": "veins", "mobile": null, "degree": null, "experience": 3, "image": "doctors/heart.png", "qualification": "MBBS MD", "available_from": "09:00:00", "available_to": "17:00:00"}}, {"model": "myapp.doctor", "pk": 9, "fields": {"name": "adil", "department": 4, "specialization": "mental health", "mobile": null, "degree": null, "experience": 1, "image": "doctors/eye-care_yvAVPkB.png", "qualification": "MBBS MD", "available_from": "09:00:00", "available_to": "17:00:00"}}, {"model": "myapp.doctor", "pk": 10, "fields": {"name": "afnan", "department": 5, "specialization": "bone", "mobile": null, "degree": null, "experience": 2, "image": "doctors/ent.png", "qualification": "MBBS MD", "available_from": "09:00:00", "available_to": "17:00:00"}}, {"model": "myapp.doctor", "pk": 11, "fields": {"name": "rahees", "department": 6, "specialization": "blood", "mobile": null, "degree": null, "experience": 2, "image": "doctors/osteoporosis_efISVBZ.png", "qualification": "MBBS MD", "available_from": "09:00:00", "available_to": "17:00:00"}}, {"model": "myapp.doctor", "pk": 12, "fields": {"name": "shahil", "department": 7, "specialization": "skin", "mobile": null, "degree": null, "experience": 2, "image": "doctors/neurology_kQ2vqfq.png", "qualification": "MBBS MD", "available_from": "09:00:00", "available_to": "17:00:00"}}, {"model": "myapp.doctor", "pk": 13, "fields": {"name": "jose", "department": 6, "specialization": "veins", "mobile": null, "degree": null, "experience": 1, "image": "doctors/osteoporosis_WDLgZYF.png", "qualification": "MBBS MD", "available_from": "09:00:00", "available_to": "17:00:00"}}, {"model": "myapp.appointment", "pk": 4, "fields": {"patient": 1, "doctor": 4, "date": "2026-01-12T14:09:00Z", "token": null}}, {"model": "myapp.appointment", "pk": 5, "fields": {"patient": 1, "doctor": 4, "date": "2026-01-12T15:11:00Z", "token": null}}, {"model": "myapp.appointment", "pk": 7, "fields": {"patient": 3, "doctor": 4, "date": "2026-01-14T11:00:00Z", "token": null}}, {"model": "myapp.appointment", "pk": 10, "fields": {"patient": 2, "doctor": 4, "date": "2026-01-29T12:30:00Z", "token": null}}, {"model": "myapp.appointment", "pk": 11, "fields": {"patient": 3, "doctor": 6, "date": "2026-01-14T16:30:00Z", "token": null}}, {"model": "myapp.appointment", "pk": 12, "fields": {"patient": 3, "doctor": 6, "date": "2026-01-14T16:00:00Z", "token": null}}, {"model": "myapp.appointment", "pk": 14, "fields": {"patient": 1, "doctor": 4, "date": "2026-02-01T15:30:00Z", "token": null}}, {"model": "myapp.appointment", "pk": 16, "fields": {"patient": 3, "doctor": 6, "date": "2026-02-17T16:00:00Z", "token": 1}}, {"model": "myapp.appointment", "pk": 17, "fields": {"patient": 2, "doctor": 4, "date": "2026-02-17T12:00:00Z", "token": 1}}, {"model": "myapp.appointment", "pk": 18, "fields": {"patient": 2, "doctor": 6, "date": "2026-02-17T13:30:00Z", "token": 2}}, {"model": "myapp.appointment", "pk": 19, "fields": {"patient": 1, "doctor": 4, "date": "2026-01-01T15:00:00Z", "token": 1}}, {"model": "myapp.appointment", "pk": 20, "fields": {"patient": 1, "doctor": 4, "date": "2026-01-23T16:00:00Z", "token": 1}}, {"model": "myapp.appointment", "pk": 21, "fields": {"patient": 1, "doctor": 4, "date": "2026-01-15T11:30:00Z", "token": 1}}, {"model": "myapp.appointment", "pk": 22, "fields": {"patient": 2, "doctor": 4, "date": "2026-01-30T15:00:00Z", "token": 1}}, {"model": "myapp.appointment", "pk": 23, "fields": {"patient": 6, "doctor": 4, "date": "2026-01-20T16:00:00Z", "token": 1}}, {"model": "myapp.appointment", "pk": 24, "fields": {"patient": 7, "doctor": 6, "date": "2026-01-21T15:00:00Z", "token": 1}}, {"model": "myapp.appointment", "pk": 25, "fields": {"patient": 2, "doctor": 6, "date": "2026-01-21T15:30:00Z", "token": 2}}, {"model": "myapp.appointment", "pk": 26, "fields": {"patient": 4, "doctor": 6, "date": "2026-01-21T09:00:00Z", "token": 3}}, {"model": "myapp.appointment", "pk": 27, "fields": {"patient": 2, "doctor": 6, "date": "2026-01-28T15:00:00Z", "token": 1}}, {"model": "myapp.medicine", "pk": 1, "fields": {"name": "paracetalmol", "company": "cipal", "stock": 0, "price": "9.00", "expiry_date": "2027-05-26", "mfg_date": "2026-01-14"}}, {"model": "myapp.medicine", "pk": 2, "fields": {"name": "Cho", "company": "mpharma", "stock": 0, "price": "1.00", "expiry_date": "2026-06-23", "mfg_date": "2024-05-16"}}, {"model": "myapp.medicine", "pk": 3, "fields": {"name": "aspirin", "company": "non", "stock": 8, "price": "23.00", "expiry_date": "2027-12-31", "mfg_date": "2026-01-28"}}, {"model": "myapp.medicinesale", "pk": 1, "fields": {"medicine": 1, "quantity": 1, "total_price": "9.00", "date": "2026-01-13T12:04:44.139Z"}}, {"model": "myapp.medicinesale", "pk": 2, "fields": {"medicine": 1, "quantity": 1, "total_price": "9.00", "date": "2026-01-13T12:05:09.244Z"}}, {"model": "myapp.medicinesale", "pk": 3, "fields": {"medicine": 1, "quantity": 3, "total_price": "27.00", "date": "2026-01-13T12:06:49.164Z"}}, {"model": "myapp.medicinesale", "pk": 4, "fields": {"medicine": 1, "quantity": 2, "total_price": "18.00", "date": "2026-01-13T12:07:10.714Z"}}, {"model": "myapp.medicinesale", "pk": 5, "fields": {"medicine": 1, "quantity": 1, "total_price": "9.00", "date": "2026-01-13T12:07:45.605Z"}}, {"model": "myapp.medicinesale", "pk": 6, "fields": {"medicine": 1, "quantity": 2, "total_price": "18.00", "date": "2026-01-13T12:08:30.062Z"}}, {"model": "myapp.medicinesale", "pk": 7, "fields": {"medicine": 1, "quantity": 15, "total_price": "135.00", "date": "2026-01-13T12:09:00.523Z"}}, {"model": "myapp.medicinesale", "pk": 8, "fields": {"medicine": 1, "quantity": 1, "total_price": "9.00", "date": "2026-01-16T06:56:57.190Z"}}, {"model": "myapp.medicinesale", "pk": 9, "fields": {"medicine": 1, "quantity": 1, "total_price": "9.00", "date": "2026-01-19T06:23:04.825Z"}}, {"model": "myapp.medicinesale", "pk": 10, "fields": {"medicine": 1, "quantity": 2, "total_price": "18.00", "date": "2026-01-19T06:23:29.301Z"}}, {"model": "myapp.medicinesale", "pk": 11, "fields": {"medicine": 1, "quantity": 1, "total_price": "9.00", "date": "2026-01-27T05:28:42.570Z"}}, {"model": "myapp.medicinesale", "pk": 12, "fields": {"medicine": 1, "quantity": 1, "total_price": "9.00", "date": "2026-01-29T10:06:17.352Z"}}, {"model": "myapp.medicinesale", "pk": 13, "fields": {"medicine": 1, "quantity": 4, "total_price": "36.00", "date": "2026-01-30T15:02:43.016Z"}}, {"model": "myapp.medicinesale", "pk": 14, "fields": {"medicine": 2, "quantity": 1, "total_price": "1.00", "date": "2026-01-30T15:13:51.186Z"}}, {"model": "myapp.department", "pk": 1, "fields": {"name": "ENT", "description": "ear nose throat"}}, {"model": "myapp.department", "pk": 2, "fields": {"name": "Cardiology", "description": "heart health"}}, {"model": "myapp.department", "pk": 3, "fields": {"name": "Neurologist", "description": "A Neurologist is a doctor who treats disorders of the brain and nervous system"}}, {"model": "myapp.department", "pk": 4, "fields": {"name": "Psychiatrist", "description": "A Psychiatrist is a doctor who treats mental and emotional health conditions"}}, {"model": "myapp.department", "pk": 5, "fields": {"name": "Orthopedic", "description": "An Orthopedic specialist treats problems related to bones, joints, and muscles"}}, {"model": "myapp.department", "pk": 6, "fields": {"name": "Haematology", "description": "Haematology is the branch of medicine that deals with blood and blood disorders"}}, {"model": "myapp.department", "pk": 7, "fields": {"name": "Dermatologist", "description": "A Dermatologist is a doctor who treats skin, hair, and nail problems"}}, {"model": "myapp.user", "pk": 5, "fields": {"password": "pbkdf2_sha256$1000000$8L5MKjavGZXHsG9imubSpv$knT9iPWsDMYg6BggtCaK4FGr+g1irpJb44IoODBqhFs=", "last_login": "2026-02-09T06:40:23.534Z", "is_superuser": true, "first_name": "", "last_name": "", "is_staff": true, "is_active": true, "date_joined": "2026-01-08T06:59:54.051Z", "email": "hmsproject@gmail.com", "role": "", "profile_image": "", "full_name": "", "phone": "", "age": null, "address": "", "place": "", "groups": [], "user_permissions": []}}, {"model": "myapp.user", "pk": 6, "fields": {"password": "pbkdf2_sha256$1000000$MKlnI1bZw0GBhy9j4o68hM$q9GwG+sNUG4AixXc9YF2D2u2VT/iosPhiNzaTLsX8Tw=", "last_login": null, "is_superuser": false, "first_name": "", "last_name": "", "is_staff": false, "is_active": true, "date_joined": "2026-01-08T07:02:58.491Z", "email": "kaif@gmail.com", "role": "patient", "profile_image": "", "full_name": "", "phone": "", "age": null, "address": "", "place": "", "groups": [], "user_permissions": []}}, {"model": "myapp.user", "pk": 7, "fields": {"password": "pbkdf2_sha256$1000000$NSdMumLl1dEgRZsgdVMBDq$Jo97Qxefugw8osRuUkYhCc61plh90zUqVaRgrSqs818=", "last_login": "2026-01-30T14:27:23.353Z", "is_superuser": false, "first_name": "", "last_name": "", "is_staff": false, "is_active": true, "date_joined": "2026-01-09T05:53:52Z", "email": "badsha@gmail.com", "role": "receptionist", "profile_image": "profile/ChatGPT_Image_Dec_24_2025_12_20_44_PM_0R0gN03.png", "full_name": "badsha v", "phone": "4561855545", "age": null, "address": "non this ..ok.0.", "place": "", "groups": [], "user_permissions": []}}, {"model": "myapp.user", "pk": 8, "fields": {"password": "pbkdf2_sha256$1000000$0qj1azywTi556xi2ZfdsiB$+2AihIrNVUhKIi5dNhyEv+ZhTDX5tAYZKdXruT1cl1A=", "last_login": null, "is_superuser": false, "first_name": "", "last_name": "", "is_staff": false, "is_active": true, "date_joined": "2026-01-09T10:21:45.454Z", "email": "sebi@gmail.com", "role": "doctor", "profile_image": "", "full_name": "", "phone": "", "age": null, "address": "", "place": "", "groups": [], "user_permissions": []}}, {"model": "myapp.user", "pk": 9, "fields": {"password": "pbkdf2_sha256$1000000$wpSGAkQS7OPq2FHEqZ3vLB$CZgp3TUqSrhlDjxt6pYVJ/xyCPRV22rFoue2ANLBTs4=", "last_login": null, "is_superuser": false, "first_name": "", "last_name": "", "is_staff": false, "is_active": true, "date_joined": "2026-01-09T10:25:02.844Z", "email": "danish@gmail.com", "role": "pharmacy", "profile_image": "", "full_name": "", "phone": "", "age": null, "address": "", "place": "", "groups": [], "user_permissions": []}}, {"model": "myapp.user", "pk": 10, "fields": {"password": "pbkdf2_sha256$1000000$4PesyJ5vMX8u6Obe2pZFan$Egr+AJY5l3CF9R1fxW4xKadO76Vh+nSH6sGrRmLBsJM=", "last_login": null, "is_superuser": false, "first_name": "", "last_name": "", "is_staff": false, "is_active": true, "date_joined": "2026-01-11T15:47:36.936Z", "email": "DrSebi@gmail.com", "role": "doctor", "profile_image": "", "full_name": "", "phone": "", "age": null, "address": "", "place": "", "groups": [], "user_permissions": []}}, {"model": "myapp.user", "pk": 11, "fields": {"password": "pbkdf2_sha256$1000000$Q2OnPgkINHgBx0dyYgrDqb$Lrgo7YMWoKTVks1ah59JA3i2yo9crj6CgdRu3574SFg=", "last_login": null, "is_superuser": false, "first_name": "", "last_name": "", "is_staff": false, "is_active": true, "date_joined": "2026-01-14T09:25:22.213Z", "email": "sinan2m@gmail.com", "role": "patient", "profile_image": "", "full_name": "", "phone": "", "age": null, "address": "", "place": "", "groups": [], "user_permissions": []}}, {"model": "myapp.user", "pk": 12, "fields": {"password": "pbkdf2_sha256$1000000$uXqUlSmFeiMQuSTIchSi7D$hR36bo37w4sUzcwy/KC84IG5RjgByxYp4Queg1TvCMg=", "last_login": null, "is_superuser": false, "first_name": "", "last_name": "", "is_staff": false, "is_active": true, "date_joined": "2026-01-15T10:05:25.414Z", "email": "badusha2k03@gmail.com", "role": "patient", "profile_image": "", "full_name": "", "phone": "", "age": null, "address": "", "place": "", "groups": [], "user_permissions": []}}, {"model": "myapp.user", "pk": 13, "fields": {"password": "pbkdf2_sha256$1000000$Y5ddziHjK8DxA179YyyGph$WSba9yWqCxAKxlTUOXHXw6xEEGfW9WoIBsPlap7gIhE=", "last_login": null, "is_superuser": false, "first_name": "", "last_name": "", "is_staff": false, "is_active": true, "date_joined": "2026-01-16T04:07:49.823Z", "email": "Danish@gmail.com", "role": "pharmacy", "profile_image": "", "full_name": "", "phone": "", "age": null, "address": "", "place": "", "groups": [], "user_permissions": []}}, {"model": "myapp.user", "pk": 14, "fields": {"password": "pbkdf2_sha256$1000000$pRdnvQXOovvKlNosf4KpNu$Mttx5UzcFImCTRZU7JHGVOC6cyk1PScbDFmk6TapXOc=", "last_login": null, "is_superuser": false, "first_name": "", "last_name": "", "is_staff": false, "is_active": true, "date_joined": "2026-01-16T05:27:39.489Z", "email": "kaifrm@gmail.com", "role": "pharmacy", "profile_image": "", "full_name": "", "phone": "", "age": null, "address": "", "place": "", "groups": [], "user_permissions": []}}, {"model": "myapp.user", "pk": 15, "fields": {"password": "badsha2k26", "last_login": null, "is_superuser": false, "first_name": "badsha", "last_name": "v", "is_staff": false, "is_active": true, "date_joined": "2026-01-21T10:22:13Z", "email": "badsha2k26@gmail.com", "role": "receptionist", "profile_image": "profile/cardiology.png", "full_name": "", "phone": "", "age": null, "address": "", "place": "", "groups": [], "user_permissions": []}}, {"model": "myapp.user", "pk": 16, "fields": {"password": "pbkdf2_sha256$1000000$vEYePSN4LK9IkYHopQk3FL$E/0CCjs8/X2+P6j0MfcvAniomOrjtSW2pULCr1I3U8M=", "last_login": null, "is_superuser": false, "first_name": "", "last_name": "", "is_staff": false, "is_active": true, "date_joined": "2026-01-29T05:00:02.079Z", "email": "kaif_robo@gmail.com", "role": "patient", "profile_image": "", "full_name": "", "phone": "", "age": null, "address": "", "place": "", "groups": [], "user_permissions": []}}, {"model": "myapp.user", "pk": 17, "fields": {"password": "pbkdf2_sha256$1000000$csIxuyr9ZHLs89jhnuvXWW$2kt79YOiqpT5MSlpVT6wh0mWW9hmmZ3BvV0qdxcbs9o=", "last_login": null, "is_superuser": false, "first_name": "", "last_name": "", "is_staff": false, "is_active": true, "date_joined": "2026-01-29T05:26:04.350Z", "email": "jabir@gmail.com", "role": "pharmacy", "profile_image": "profile/Hmca_sCHxc4I.png", "full_name": "jabir k", "phone": "5848447884", "age": null, "address": "non", "place": "", "groups": [], "user_permissions": []}}, {"model": "myapp.user", "pk": 18, "fields": {"password": "pbkdf2_sha256$1000000$ylUUfRLVgYZLCQrLODz6JM$9TcXaw6sIU57S/Ock6ICkdLUTztQdhx9VppAMrk7Bxc=", "last_login": null, "is_superuser": false, "first_name": "", "last_name": "", "is_staff": false, "is_active": true, "date_joined": "2026-01-29T10:13:03.222Z", "email": "nihal@gmail.com", "role": "doctor", "profile_image": "", "full_name": "", "phone": "", "age": null, "address": "", "place": "", "groups": [], "user_permissions": []}}, {"model": "myapp.user", "pk": 21, "fields": {"password": "pbkdf2_sha256$1000000$Z071MVKfrfSc5jZzuVqGPY$OjMypc0unxHx75OxI35xEXIOhm0/cgU1AK0zLxycQCc=", "last_login": null, "is_superuser": false, "first_name": "", "last_name": "", "is_staff": false, "is_active": true, "date_joined": "2026-01-30T14:35:23.250Z", "email": "patient@test.com", "role": "patient", "profile_image": "", "full_name": "", "phone": "", "age": null, "address": "", "place": "", "groups": [], "user_permissions": []}}, {"model": "myapp.user", "pk": 22, "fields": {"password": "pbkdf2_sha256$1000000$M7vLZcAVsjfSReEfRPLfsL$xzzQuIQNfFr0jVfuvbe3I1Q9u20Vhm7ZSacTD2BUdfw=", "last_login": null, "is_superuser": false, "first_name": "", "last_name": "", "is_staff": false, "is_active": true, "date_joined": "2026-01-30T14:51:49.965Z", "email": "muhsin2km@gmail.com", "role": "patient", "profile_image": "", "full_name": "", "phone": "", "age": null, "address": "", "place": "", "groups": [], "user_permissions": []}}, {"model": "myapp.user", "pk": 23, "fields": {"password": "pbkdf2_sha256$1000000$IngJUl4TCYI4dEl3oHi8as$tjW8I+5M8ZrGyI6hZG1NtE2dkK7a33X82T1BomebCWA=", "last_login": null, "is_superuser": false, "first_name": "", "last_name": "", "is_staff": false, "is_active": true, "date_joined": "2026-01-30T14:53:50.093Z", "email": "john2k@gmail.com", "role": "doctor", "profile_image": "", "full_name": "", "phone": "", "age": null, "address": "", "place": "", "groups": [], "user_permissions": []}}, {"model": "myapp.systemsettings", "pk": 1, "fields": {"default_receptionist_email": "badshav151@gmail.com"}}, {"model": "myapp.registrationotp", "pk": 1, "fields": {"email": "badusha2k03@gmail.com", "role": "pharmacy", "otp": "406676", "created_at": "2026-01-15T10:50:35.193Z"}}, {"model": "myapp.registrationotp", "pk": 2, "fields": {"email": "badusha2k03@gmail.com", "role": "pharmacy", "otp": "628778", "created_at": "2026-01-15T10:52:59.775Z"}}, {"model": "myapp.registrationotp", "pk": 3, "fields": {"email": "badusha2k03@gmail.com", "role": "pharmacy", "otp": "728910", "created_at": "2026-01-15T10:53:09.884Z"}}, {"model": "myapp.registrationotp", "pk": 4, "fields": {"email": "badusha2k03@gmail.com", "role": "pharmacy", "otp": "761717", "created_at": "2026-01-15T10:54:28.985Z"}}, {"model": "myapp.registrationotp", "pk": 5, "fields": {"email": "badusha2k03@gmail.com", "role": "pharmacy", "otp": "604662", "created_at": "2026-01-15T10:54:37.136Z"}}, {"model": "myapp.registrationotp", "pk": 6, "fields": {"email": "badusha2k03@gmail.com", "role": "pharmacy", "otp": "508750", "created_at": "2026-01-15T10:57:40.067Z"}}, {"model": "myapp.registrationotp", "pk": 7, "fields": {"email": "badusha2k03@gmail.com", "role": "pharmacy", "otp": "528549", "created_at": "2026-01-15T11:05:56.655Z"}}, {"model": "myapp.registrationotp", "pk": 8, "fields": {"email": "badusha2k03@gmail.com", "role": "pharmacy", "otp": "398454", "created_at": "2026-01-15T11:06:21.525Z"}}, {"model": "myapp.registrationotp", "pk": 9, "fields": {"email": "badusha2k03@gmail.com", "role": "pharmacy", "otp": "614137", "created_at": "2026-01-15T11:06:23.190Z"}}, {"model": "myapp.registrationotp", "pk": 10, "fields": {"email": "badusha2k03@gmail.com", "role": "pharmacy", "otp": "804042", "created_at": "2026-01-15T11:06:23.462Z"}}, {"model": "myapp.registrationotp", "pk": 11, "fields": {"email": "badusha2k03@gmail.com", "role": "pharmacy", "otp": "609924", "created_at": "2026-01-15T11:06:23.722Z"}}, {"model": "myapp.registrationotp", "pk": 12, "fields": {"email": "badusha2k03@gmail.com", "role": "pharmacy", "otp": "570660", "created_at": "2026-01-15T11:06:23.989Z"}}, {"model": "myapp.registrationotp", "pk": 13, "fields": {"email": "badusha2k03@gmail.com", "role": "pharmacy", "otp": "649759", "created_at": "2026-01-15T11:06:24.250Z"}}, {"model": "myapp.registrationotp", "pk": 14, "fields": {"email": "badusha2k03@gmail.com", "role": "pharmacy", "otp": "773068", "created_at": "2026-01-15T11:10:16.404Z"}}, {"model": "myapp.registrationotp", "pk": 15, "fields": {"email": "badusha2k03@gmail.com", "role": "doctor", "otp": "238531", "created_at": "2026-01-15T11:11:09.739Z"}}, {"model": "myapp.registrationotp", "pk": 16, "fields": {"email": "badusha2k03@gmail.com", "role": "doctor", "otp": "558883", "created_at": "2026-01-15T12:26:31.383Z"}}, {"model": "myapp.registrationotp", "pk": 17, "fields": {"email": "badusha2k03@gmail.com", "role": "doctor", "otp": "172765", "created_at": "2026-01-15T12:27:35.365Z"}}, {"model": "myapp.registrationotp", "pk": 18, "fields": {"email": "badusha2k03@gmail.com", "role": "doctor", "otp": "353501", "created_at": "2026-01-15T12:30:53.104Z"}}, {"model": "myapp.registrationotp", "pk": 24, "fields": {"email": "muhsin@gmail.com", "role": "pharmacy", "otp": "351894", "created_at": "2026-01-30T10:08:24.675Z"}}, {"model": "myapp.registrationotp", "pk": 25, "fields": {"email": "sebimaloof@gmail.com", "role": "pharmacy", "otp": "333770", "created_at": "2026-01-30T10:10:45.106Z"}}, {"model": "myapp.passwordresetotp", "pk": 1, "fields": {"email": "kaif@gmail.com", "otp": "916314", "created_at": "2026-01-21T03:59:48.544Z"}}, {"model": "myapp.passwordresetotp", "pk": 2, "fields": {"email": "kaif@gmail.com", "otp": "555974", "created_at": "2026-01-21T04:00:03.777Z"}}, {"model": "myapp.passwordresetotp", "pk": 5, "fields": {"email": "jabir@gmail.com", "otp": "655720", "created_at": "2026-01-29T10:00:46.396Z"}}, {"model": "myapp.passwordresetotp", "pk": 9, "fields": {"email": "nihal@gmail.com", "otp": "381781", "created_at": "2026-01-29T11:06:01.298Z"}}, {"model": "myapp.passwordresetotp", "pk": 10, "fields": {"email": "nihal@gmail.com", "otp": "222769", "created_at": "2026-01-29T11:07:19.960Z"}}, {"model": "admin.logentry", "pk": 5, "fields": {"action_time": "2026-01-08T09:58:41.639Z", "user": 5, "content_type": 5, "object_id": "1", "object_repr": "j", "action_flag": 1, "change_message": "[{\"added\": {}}]"}}, {"model": "admin.logentry", "pk": 6, "fields": {"action_time": "2026-01-09T06:18:48.234Z", "user": 5, "content_type": 4, "object_id": "1", "object_repr": "ProfileIcon object (1)", "action_flag": 1, "change_message": "[{\"added\": {}}]"}}, {"model": "admin.logentry", "pk": 7, "fields": {"action_time": "2026-01-13T04:02:57.288Z", "user": 5, "content_type": 7, "object_id": "5", "object_repr": "sinan", "action_flag": 2, "change_message": "[{\"changed\": {\"fields\": [\"Available from\", \"Available to\"]}}]"}}, {"model": "admin.logentry", "pk": 8, "fields": {"action_time": "2026-01-13T04:03:20.290Z", "user": 5, "content_type": 7, "object_id": "5", "object_repr": "sinan", "action_flag": 2, "change_message": "[]"}}, {"model": "admin.logentry", "pk": 9, "fields": {"action_time": "2026-01-13T04:04:23.936Z", "user": 5, "content_type": 7, "object_id": "5", "object_repr": "sinan", "action_flag": 2, "change_message": "[{\"changed\": {\"fields\": [\"Available from\", \"Available to\"]}}]"}}, {"model": "admin.logentry", "pk": 10, "fields": {"action_time": "2026-01-13T09:01:44.090Z", "user": 5, "content_type": 5, "object_id": "1", "object_repr": "Cardiology", "action_flag": 2, "change_message": "[{\"changed\": {\"fields\": [\"Title\", \"Description\"]}}]"}}, {"model": "admin.logentry", "pk": 11, "fields": {"action_time": "2026-01-13T09:05:46.955Z", "user": 5, "content_type": 5, "object_id": "2", "object_repr": "Dermatologist", "action_flag": 1, "change_message": "[{\"added\": {}}]"}}, {"model": "admin.logentry", "pk": 12, "fields": {"action_time": "2026-01-13T09:07:40.765Z", "user": 5, "content_type": 5, "object_id": "3", "object_repr": "ENT", "action_flag": 1, "change_message": "[{\"added\": {}}]"}}, {"model": "admin.logentry", "pk": 13, "fields": {"action_time": "2026-01-13T09:09:53.072Z", "user": 5, "content_type": 5, "object_id": "4", "object_repr": "Haematology", "action_flag": 1, "change_message": "[{\"added\": {}}]"}}, {"model": "admin.logentry", "pk": 14, "fields": {"action_time": "2026-01-13T09:12:23.576Z", "user": 5, "content_type": 5, "object_id": "5", "object_repr": "Orthopedic", "action_flag": 1, "change_message": "[{\"added\": {}}]"}}, {"model": "admin.logentry", "pk": 15, "fields": {"action_time": "2026-01-13T09:14:37.569Z", "user": 5, "content_type": 5, "object_id": "6", "object_repr": "Psychiatrist", "action_flag": 1, "change_message": "[{\"added\": {}}]"}}, {"model": "admin.logentry", "pk": 16, "fields": {"action_time": "2026-01-13T09:16:28.089Z", "user": 5, "content_type": 5, "object_id": "7", "object_repr": "Neurologist", "action_flag": 1, "change_message": "[{\"added\": {}}]"}}, {"model": "admin.logentry", "pk": 17, "fields": {"action_time": "2026-01-15T07:16:28.640Z", "user": 5, "content_type": 3, "object_id": "3", "object_repr": "kaif robo", "action_flag": 2, "change_message": "[{\"changed\": {\"fields\": [\"Address\"]}}]"}}, {"model": "admin.logentry", "pk": 18, "fields": {"action_time": "2026-01-19T09:32:36.169Z", "user": 5, "content_type": 5, "object_id": "7", "object_repr": "Neurologist", "action_flag": 2, "change_message": "[]"}}, {"model": "admin.logentry", "pk": 19, "fields": {"action_time": "2026-01-19T09:33:10.999Z", "user": 5, "content_type": 5, "object_id": "6", "object_repr": "Psychiatrist", "action_flag": 2, "change_message": "[]"}}, {"model": "admin.logentry", "pk": 20, "fields": {"action_time": "2026-01-19T09:33:53.722Z", "user": 5, "content_type": 5, "object_id": "5", "object_repr": "Orthopedic", "action_flag": 2, "change_message": "[]"}}, {"model": "admin.logentry", "pk": 21, "fields": {"action_time": "2026-01-19T09:34:23.951Z", "user": 5, "content_type": 5, "object_id": "4", "object_repr": "Haematology", "action_flag": 2, "change_message": "[]"}}, {"model": "admin.logentry", "pk": 22, "fields": {"action_time": "2026-01-19T09:34:57.506Z", "user": 5, "content_type": 5, "object_id": "2", "object_repr": "Dermatologist", "action_flag": 2, "change_message": "[]"}}, {"model": "admin.logentry", "pk": 23, "fields": {"action_time": "2026-01-21T06:52:55.932Z", "user": 5, "content_type": 4, "object_id": "1", "object_repr": "ProfileIcon object (1)", "action_flag": 3, "change_message": ""}}, {"model": "admin.logentry", "pk": 24, "fields": {"action_time": "2026-01-21T06:53:14.261Z", "user": 5, "content_type": 4, "object_id": "2", "object_repr": "ProfileIcon object (2)", "action_flag": 1, "change_message": "[{\"added\": {}}]"}}, {"model": "admin.logentry", "pk": 25, "fields": {"action_time": "2026-01-21T07:27:36.757Z", "user": 5, "content_type": 4, "object_id": "2", "object_repr": "ProfileIcon object (2)", "action_flag": 2, "change_message": "[]"}}, {"model": "admin.logentry", "pk": 26, "fields": {"action_time": "2026-01-21T10:22:05.891Z", "user": 5, "content_type": 6, "object_id": "7", "object_repr": "badsha@gmail.com", "action_flag": 2, "change_message": "[]"}}, {"model": "admin.logentry", "pk": 27, "fields": {"action_time": "2026-01-21T10:25:05.679Z", "user": 5, "content_type": 6, "object_id": "15", "object_repr": "badsha2k26@gmail.com", "action_flag": 1, "change_message": "[{\"added\": {}}]"}}, {"model": "admin.logentry", "pk": 28, "fields": {"action_time": "2026-01-27T10:52:34.306Z", "user": 5, "content_type": 6, "object_id": "7", "object_repr": "badsha@gmail.com", "action_flag": 2, "change_message": "[{\"changed\": {\"fields\": [\"Profile image\"]}}]"}}, {"model": "admin.logentry", "pk": 29, "fields": {"action_time": "2026-01-30T14:59:30.829Z", "user": 5, "content_type": 6, "object_id": "24", "object_repr": "danish1k@gmail.com", "action_flag": 3, "change_message": ""}}, {"model": "admin.logentry", "pk": 30, "fields": {"action_time": "2026-01-30T14:59:30.829Z", "user": 5, "content_type": 6, "object_id": "19", "object_repr": "test@example.com", "action_flag": 3, "change_message": ""}}, {"model": "admin.logentry", "pk": 31, "fields": {"action_time": "2026-01-30T14:59:30.829Z", "user": 5, "content_type": 6, "object_id": "20", "object_repr": "testmm@example.com", "action_flag": 3, "change_message": ""}}, {"model": "sessions.session", "pk": "ks1nh6hlodrq1jtzej39bonxz7lywrp0", "fields": {"session_data": ".eJxVi0EOwiAQRe_C2jQMFAZcmngOMjBDaLSmkXZhjHdXky50-f7776kSbWtLW5d7mlgdlVOH3y1TucjtK-YHLcuwcx_OM03X027_kka9ff5oqjeGoZaa0WgOzlqEkcGSMGmsGIEwBuRc7ChB0AcLEaIT0uKder0BhAQyMg:1viqWe:34TdnaXGlyReAMzCN4tB2NuuS9qiPSXaSemVL2GSHLg", "expire_date": "2026-02-05T08:58:48.075Z"}}, {"model": "sessions.session", "pk": "pcsyc6yspzeb1k9r610hw9592j0kzyhi", "fields": {"session_data": ".eJxVjMsOwiAQRf-FtSEMFAZcuvcbyMAMtmrapI-V8d-1SRe6veec-1KZtrXP2yJzHlidlVen361Qfci4A77TeJt0ncZ1HoreFX3QRV8nluflcP8Oelr6b422BWsZWm0FreHonUPoGBwJk8GGCQhTRC7VdRIFQ3SQIHkhI8Gr9wfdhjeG:1vfVaR:PMZu8-UVQT0dl6WGL_jwd4LIvAFEOEhgNTeiT8LWZt4", "expire_date": "2026-01-27T04:00:55.868Z"}}, {"model": "sessions.session", "pk": "t78p9y9mdv8csidd0xmvvwlbos110254", "fields": {"session_data": ".eJxVjMsOwiAQRf-FtSEMFAZcuvcbyMAMtmrapI-V8d-1SRe6veec-1KZtrXP2yJzHlidlVen361Qfci4A77TeJt0ncZ1HoreFX3QRV8nluflcP8Oelr6b422BWsZWm0FreHonUPoGBwJk8GGCQhTRC7VdRIFQ3SQIHkhI8Gr9wfdhjeG:1vdk4O:sfq3CGl34WX8px0sh_Ja3ggBg1T_60vxFmEIAPzNkHE", "expire_date": "2026-01-22T07:04:32.232Z"}}, {"model": "authtoken.token", "pk": "11c1b1f9f6aa4012abf62be6d45a2b818663b20e", "fields": {"user": 16, "created": "2026-01-29T05:00:36.896Z"}}, {"model": "authtoken.token", "pk": "12845e746de3d9ad6bb9e8677755370c9eb02936", "fields": {"user": 7, "created": "2026-01-22T04:15:42.932Z"}}, {"model": "authtoken.token", "pk": "4a7b71fe2e2886e159d88f62b2771e3ffedc57c2", "fields": {"user": 6, "created": "2026-01-22T04:14:49.602Z"}}, {"model": "authtoken.token", "pk": "8c66152c6cbb77ed147e6b1364df6511bb34e7bb", "fields": {"user": 17, "created": "2026-01-29T05:26:34.039Z"}}]